name,preco
Poltrona em Linho Antúrio Cabecasa Madeiramadeira,"1.109,90"
Poltrona em Linho Antúrio Cabecasa Madeiramadeira,"1.109,90"
Poltrona Decorativa Opala Suede Bege,"130,49"
Kit 2 Poltronas Decorativas Opala com Puff Redondo Cinza - Visa Decor,"243,51"
Poltrona Opala Capuccino 1 Lugar,"130,41"
"Poltrona Opala - Suede Preto, 1 Lugar, Base Palito Imbuia","130,49"
Poltrona do Papai Reclinável Azera Matrix,"619,90"
Poltrona Mona Luxo Madeira Maciça Tecido Linho Bege Claro,"530,00"
Poltrona do Papai Reclinável Imperial Império Estofados,"1.609,90"
Poltrona Decorativa Califórnia Base Giratória 1 Lugar Velusoft Terra Cota - Sofá Casa,"710,10"
Kit 2 Poltronas Decorativas Opala Suede Pés Palito Bege,"327,42"
Poltrona Duda Viero,"219,89"
Kit 2 Poltronas Decorativa San Diego Sala Recepção Corino Bege,"600,78"
Poltrona do Papai Reclinável Azera Matrix,"599,90"
Kit 2 Poltronas Decorativas Opala Suede,"265,36"
Poltrona Decorativa Opala Deluxe com Puff Suede Cinza,"206,00"
Poltrona Cecilia Seda/Nude - Viero Móveis,"374,58"
Poltrona Opala Grafite Suede Pés Palito - My House Decor,"116,09"
Poltrona Reclinável Barão Império Estofados,"899,89"
Poltrona Opala Tecido Liso Cor Azul Marinho,"141,19"
Kit 2 Poltrona Decorativa Miami para Sala de Estar Recepção,"474,99"
Poltrona Duda Espresso Móveis,"219,89"
Poltrona Yasmim Tecido 004,"532,22"
Kit 2 Poltronas Decorativas Aurora Suede,"364,81"
Poltrona Berlim Corano Nozes com Linho Bege Pés Palito - D'Rossi,"399,90"
Kit 2 Poltronas Opala Capuccino Suede Pés Palito Casa Renovo,"269,91"
Poltrona Pérola - Suede,"158,31"
Poltrona Decorativa Opala Suede Marrom,"115,10"
Poltrona Kit 2 Tillas Corino Preto Ab Estofados,"284,67"
Poltrona Decorativa Opala Rosa,"193,11"
Kit 2 Poltronas Decorativas Opala Suede,"283,41"
Poltrona Decorativa Tilla Suede,"139,41"
Poltrona Pérola - Suede,"179,91"
Kit 2 Poltronas Duda Espresso Móveis,"439,79"
Poltrona Estoril Retrátil Reclinável Suede Marrom - XFlex Sofás,"702,81"
Poltrona Decorativa Opala Pé Palito,"104,31"
Poltrona em Linho Antúrio Cabecasa Madeiramadeira,"1.109,90"
Poltrona em Linho Antúrio Cabecasa Madeiramadeira,"1.109,90"
Poltrona Decorativa Opala Suede Bege,"130,49"
Kit 2 Poltronas Decorativas Opala com Puff Redondo Cinza - Visa Decor,"243,51"
Poltrona Opala Capuccino 1 Lugar,"130,41"
"Poltrona Opala - Suede Preto, 1 Lugar, Base Palito Imbuia","130,49"
Poltrona do Papai Reclinável Azera Matrix,"619,90"
Poltrona Mona Luxo Madeira Maciça Tecido Linho Bege Claro,"530,00"
Poltrona do Papai Reclinável Imperial Império Estofados,"1.609,90"
Poltrona Decorativa Califórnia Base Giratória 1 Lugar Velusoft Terra Cota - Sofá Casa,"710,10"
Kit 2 Poltronas Decorativas Opala Suede Pés Palito Bege,"327,42"
Poltrona Duda Viero,"219,89"
Kit 2 Poltronas Decorativa San Diego Sala Recepção Corino Bege,"600,78"
Poltrona do Papai Reclinável Azera Matrix,"599,90"
Kit 2 Poltronas Decorativas Opala Suede,"265,36"
Poltrona Decorativa Opala Deluxe com Puff Suede Cinza,"206,00"
Poltrona Cecilia Seda/Nude - Viero Móveis,"374,58"
Poltrona Opala Grafite Suede Pés Palito - My House Decor,"116,09"
Poltrona Reclinável Barão Império Estofados,"899,89"
Poltrona Opala Tecido Liso Cor Azul Marinho,"141,19"
Kit 2 Poltrona Decorativa Miami para Sala de Estar Recepção,"474,99"
Poltrona Duda Espresso Móveis,"219,89"
Poltrona Yasmim Tecido 004,"532,22"
Kit 2 Poltronas Decorativas Aurora Suede,"364,81"
Poltrona Berlim Corano Nozes com Linho Bege Pés Palito - D'Rossi,"399,90"
Kit 2 Poltronas Opala Capuccino Suede Pés Palito Casa Renovo,"269,91"
Poltrona Pérola - Suede,"158,31"
Poltrona Decorativa Opala Suede Marrom,"115,10"
Poltrona Kit 2 Tillas Corino Preto Ab Estofados,"284,67"
Poltrona Decorativa Opala Rosa,"193,11"
Kit 2 Poltronas Decorativas Opala Suede,"283,41"
Poltrona Decorativa Tilla Suede,"139,41"
Poltrona Pérola - Suede,"179,91"
Kit 2 Poltronas Duda Espresso Móveis,"439,79"
Poltrona Estoril Retrátil Reclinável Suede Marrom - XFlex Sofás,"702,81"
Poltrona Decorativa Opala Pé Palito,"104,31"
Poltrona em Linho Antúrio Cabecasa Madeiramadeira,"1.109,90"
Poltrona em Linho Antúrio Cabecasa Madeiramadeira,"1.109,90"
Poltrona Decorativa Opala Suede Bege,"130,49"
Kit 2 Poltronas Decorativas Opala com Puff Redondo Cinza - Visa Decor,"243,51"
Poltrona Opala Capuccino 1 Lugar,"130,41"
"Poltrona Opala - Suede Preto, 1 Lugar, Base Palito Imbuia","130,49"
Poltrona do Papai Reclinável Azera Matrix,"619,90"
Poltrona Mona Luxo Madeira Maciça Tecido Linho Bege Claro,"530,00"
Poltrona do Papai Reclinável Imperial Império Estofados,"1.609,90"
Poltrona Decorativa Califórnia Base Giratória 1 Lugar Velusoft Terra Cota - Sofá Casa,"710,10"
Kit 2 Poltronas Decorativas Opala Suede Pés Palito Bege,"327,42"
Poltrona Duda Viero,"219,89"
Kit 2 Poltronas Decorativa San Diego Sala Recepção Corino Bege,"600,78"
Poltrona do Papai Reclinável Azera Matrix,"599,90"
Kit 2 Poltronas Decorativas Opala Suede,"265,36"
Poltrona Decorativa Opala Deluxe com Puff Suede Cinza,"206,00"
Poltrona Cecilia Seda/Nude - Viero Móveis,"374,58"
Poltrona Opala Grafite Suede Pés Palito - My House Decor,"116,09"
Poltrona Reclinável Barão Império Estofados,"899,89"
Poltrona Opala Tecido Liso Cor Azul Marinho,"141,19"
Kit 2 Poltrona Decorativa Miami para Sala de Estar Recepção,"474,99"
Poltrona Duda Espresso Móveis,"219,89"
Poltrona Yasmim Tecido 004,"532,22"
Kit 2 Poltronas Decorativas Aurora Suede,"364,81"
Poltrona Berlim Corano Nozes com Linho Bege Pés Palito - D'Rossi,"399,90"
Kit 2 Poltronas Opala Capuccino Suede Pés Palito Casa Renovo,"269,91"
Poltrona Pérola - Suede,"158,31"
Poltrona Decorativa Opala Suede Marrom,"115,10"
Poltrona Kit 2 Tillas Corino Preto Ab Estofados,"284,67"
Poltrona Decorativa Opala Rosa,"193,11"
Kit 2 Poltronas Decorativas Opala Suede,"283,41"
Poltrona Decorativa Tilla Suede,"139,41"
Poltrona Pérola - Suede,"179,91"
Kit 2 Poltronas Duda Espresso Móveis,"439,79"
Poltrona Estoril Retrátil Reclinável Suede Marrom - XFlex Sofás,"702,81"
Poltrona Decorativa Opala Pé Palito,"104,31"
Poltrona em Linho Antúrio Cabecasa Madeiramadeira,"1.109,90"
Poltrona em Linho Antúrio Cabecasa Madeiramadeira,"1.109,90"
Poltrona Decorativa Opala Suede Bege,"130,49"
Kit 2 Poltronas Decorativas Opala com Puff Redondo Cinza - Visa Decor,"243,51"
Poltrona Opala Capuccino 1 Lugar,"130,41"
"Poltrona Opala - Suede Preto, 1 Lugar, Base Palito Imbuia","130,49"
Poltrona do Papai Reclinável Azera Matrix,"619,90"
Poltrona Mona Luxo Madeira Maciça Tecido Linho Bege Claro,"530,00"
Poltrona do Papai Reclinável Imperial Império Estofados,"1.609,90"
Poltrona Decorativa Califórnia Base Giratória 1 Lugar Velusoft Terra Cota - Sofá Casa,"710,10"
Kit 2 Poltronas Decorativas Opala Suede Pés Palito Bege,"327,42"
Poltrona Duda Viero,"219,89"
Kit 2 Poltronas Decorativa San Diego Sala Recepção Corino Bege,"600,78"
Poltrona do Papai Reclinável Azera Matrix,"599,90"
Kit 2 Poltronas Decorativas Opala Suede,"265,36"
Poltrona Decorativa Opala Deluxe com Puff Suede Cinza,"206,00"
Poltrona Cecilia Seda/Nude - Viero Móveis,"374,58"
Poltrona Opala Grafite Suede Pés Palito - My House Decor,"116,09"
Poltrona Reclinável Barão Império Estofados,"899,89"
Poltrona Opala Tecido Liso Cor Azul Marinho,"141,19"
Kit 2 Poltrona Decorativa Miami para Sala de Estar Recepção,"474,99"
Poltrona Duda Espresso Móveis,"219,89"
Poltrona Yasmim Tecido 004,"532,22"
Kit 2 Poltronas Decorativas Aurora Suede,"364,81"
Poltrona Berlim Corano Nozes com Linho Bege Pés Palito - D'Rossi,"399,90"
Kit 2 Poltronas Opala Capuccino Suede Pés Palito Casa Renovo,"269,91"
Poltrona Pérola - Suede,"158,31"
Poltrona Decorativa Opala Suede Marrom,"115,10"
Poltrona Kit 2 Tillas Corino Preto Ab Estofados,"284,67"
Poltrona Decorativa Opala Rosa,"193,11"
Kit 2 Poltronas Decorativas Opala Suede,"283,41"
Poltrona Decorativa Tilla Suede,"139,41"
Poltrona Pérola - Suede,"179,91"
Kit 2 Poltronas Duda Espresso Móveis,"439,79"
Poltrona Estoril Retrátil Reclinável Suede Marrom - XFlex Sofás,"702,81"
Poltrona Decorativa Opala Pé Palito,"104,31"
Poltrona em Linho Antúrio Cabecasa Madeiramadeira,"1.109,90"
Poltrona em Linho Antúrio Cabecasa Madeiramadeira,"1.109,90"
Poltrona Decorativa Opala Suede Bege,"130,49"
Kit 2 Poltronas Decorativas Opala com Puff Redondo Cinza - Visa Decor,"243,51"
Poltrona Opala Capuccino 1 Lugar,"130,41"
"Poltrona Opala - Suede Preto, 1 Lugar, Base Palito Imbuia","130,49"
Poltrona do Papai Reclinável Azera Matrix,"619,90"
Poltrona Mona Luxo Madeira Maciça Tecido Linho Bege Claro,"530,00"
Poltrona do Papai Reclinável Imperial Império Estofados,"1.609,90"
Poltrona Decorativa Califórnia Base Giratória 1 Lugar Velusoft Terra Cota - Sofá Casa,"710,10"
Kit 2 Poltronas Decorativas Opala Suede Pés Palito Bege,"327,42"
Poltrona Duda Viero,"219,89"
Kit 2 Poltronas Decorativa San Diego Sala Recepção Corino Bege,"600,78"
Poltrona do Papai Reclinável Azera Matrix,"599,90"
Kit 2 Poltronas Decorativas Opala Suede,"265,36"
Poltrona Decorativa Opala Deluxe com Puff Suede Cinza,"206,00"
Poltrona Cecilia Seda/Nude - Viero Móveis,"374,58"
Poltrona Opala Grafite Suede Pés Palito - My House Decor,"116,09"
Poltrona Reclinável Barão Império Estofados,"899,89"
Poltrona Opala Tecido Liso Cor Azul Marinho,"141,19"
Kit 2 Poltrona Decorativa Miami para Sala de Estar Recepção,"474,99"
Poltrona Duda Espresso Móveis,"219,89"
Poltrona Yasmim Tecido 004,"532,22"
Kit 2 Poltronas Decorativas Aurora Suede,"364,81"
Poltrona Berlim Corano Nozes com Linho Bege Pés Palito - D'Rossi,"399,90"
Kit 2 Poltronas Opala Capuccino Suede Pés Palito Casa Renovo,"269,91"
Poltrona Pérola - Suede,"158,31"
Poltrona Decorativa Opala Suede Marrom,"115,10"
Poltrona Kit 2 Tillas Corino Preto Ab Estofados,"284,67"
Poltrona Decorativa Opala Rosa,"193,11"
Kit 2 Poltronas Decorativas Opala Suede,"283,41"
Poltrona Decorativa Tilla Suede,"139,41"
Poltrona Pérola - Suede,"179,91"
Kit 2 Poltronas Duda Espresso Móveis,"439,79"
Poltrona Estoril Retrátil Reclinável Suede Marrom - XFlex Sofás,"702,81"
Poltrona Decorativa Opala Pé Palito,"104,31"
Poltrona em Linho Antúrio Cabecasa Madeiramadeira,"1.109,90"
Poltrona em Linho Antúrio Cabecasa Madeiramadeira,"1.109,90"
Poltrona Decorativa Opala Suede Bege,"130,49"
Kit 2 Poltronas Decorativas Opala com Puff Redondo Cinza - Visa Decor,"243,51"
Poltrona Opala Capuccino 1 Lugar,"130,41"
"Poltrona Opala - Suede Preto, 1 Lugar, Base Palito Imbuia","130,49"
Poltrona do Papai Reclinável Azera Matrix,"619,90"
Poltrona Mona Luxo Madeira Maciça Tecido Linho Bege Claro,"530,00"
Poltrona do Papai Reclinável Imperial Império Estofados,"1.609,90"
Poltrona Decorativa Califórnia Base Giratória 1 Lugar Velusoft Terra Cota - Sofá Casa,"710,10"
Kit 2 Poltronas Decorativas Opala Suede Pés Palito Bege,"327,42"
Poltrona Duda Viero,"219,89"
Kit 2 Poltronas Decorativa San Diego Sala Recepção Corino Bege,"600,78"
Poltrona do Papai Reclinável Azera Matrix,"599,90"
Kit 2 Poltronas Decorativas Opala Suede,"265,36"
Poltrona Decorativa Opala Deluxe com Puff Suede Cinza,"206,00"
Poltrona Cecilia Seda/Nude - Viero Móveis,"374,58"
Poltrona Opala Grafite Suede Pés Palito - My House Decor,"116,09"
Poltrona Reclinável Barão Império Estofados,"899,89"
Poltrona Opala Tecido Liso Cor Azul Marinho,"141,19"
Kit 2 Poltrona Decorativa Miami para Sala de Estar Recepção,"474,99"
Poltrona Duda Espresso Móveis,"219,89"
Poltrona Yasmim Tecido 004,"532,22"
Kit 2 Poltronas Decorativas Aurora Suede,"364,81"
Poltrona Berlim Corano Nozes com Linho Bege Pés Palito - D'Rossi,"399,90"
Kit 2 Poltronas Opala Capuccino Suede Pés Palito Casa Renovo,"269,91"
Poltrona Pérola - Suede,"158,31"
Poltrona Decorativa Opala Suede Marrom,"115,10"
Poltrona Kit 2 Tillas Corino Preto Ab Estofados,"284,67"
Poltrona Decorativa Opala Rosa,"193,11"
Kit 2 Poltronas Decorativas Opala Suede,"283,41"
Poltrona Decorativa Tilla Suede,"139,41"
Poltrona Pérola - Suede,"179,91"
Kit 2 Poltronas Duda Espresso Móveis,"439,79"
Poltrona Estoril Retrátil Reclinável Suede Marrom - XFlex Sofás,"702,81"
Poltrona Decorativa Opala Pé Palito,"104,31"
Poltrona em Linho Antúrio Cabecasa Madeiramadeira,"1.109,90"
Poltrona em Linho Antúrio Cabecasa Madeiramadeira,"1.109,90"
Poltrona Decorativa Opala Suede Bege,"130,49"
Kit 2 Poltronas Decorativas Opala com Puff Redondo Cinza - Visa Decor,"243,51"
Poltrona em Linho Antúrio Cabecasa Madeiramadeira,"1.109,90"
Poltrona Opala Capuccino 1 Lugar,"130,41"
"Poltrona Opala - Suede Preto, 1 Lugar, Base Palito Imbuia","130,49"
Poltrona do Papai Reclinável Azera Matrix,"619,90"
Poltrona Mona Luxo Madeira Maciça Tecido Linho Bege Claro,"530,00"
Poltrona do Papai Reclinável Imperial Império Estofados,"1.609,90"
Poltrona em Linho Antúrio Cabecasa Madeiramadeira,"1.109,90"
Poltrona Decorativa Opala Suede Bege,"130,49"
Kit 2 Poltronas Decorativas Opala com Puff Redondo Cinza - Visa Decor,"243,51"
Poltrona Opala Capuccino 1 Lugar,"130,41"
Poltrona Decorativa Califórnia Base Giratória 1 Lugar Velusoft Terra Cota - Sofá Casa,"710,10"
Kit 2 Poltronas Decorativas Opala Suede Pés Palito Bege,"327,42"
Poltrona Duda Viero,"219,89"
Kit 2 Poltronas Decorativa San Diego Sala Recepção Corino Bege,"600,78"
Poltrona do Papai Reclinável Azera Matrix,"599,90"
"Poltrona Opala - Suede Preto, 1 Lugar, Base Palito Imbuia","130,49"
Poltrona do Papai Reclinável Azera Matrix,"619,90"
Poltrona Mona Luxo Madeira Maciça Tecido Linho Bege Claro,"530,00"
Poltrona do Papai Reclinável Imperial Império Estofados,"1.609,90"
Kit 2 Poltronas Decorativas Opala Suede,"265,36"
Poltrona Decorativa Opala Deluxe com Puff Suede Cinza,"206,00"
Poltrona Cecilia Seda/Nude - Viero Móveis,"374,58"
Poltrona Opala Grafite Suede Pés Palito - My House Decor,"116,09"
Poltrona Reclinável Barão Império Estofados,"899,89"
Poltrona Decorativa Califórnia Base Giratória 1 Lugar Velusoft Terra Cota - Sofá Casa,"710,10"
Kit 2 Poltronas Decorativas Opala Suede Pés Palito Bege,"327,42"
Poltrona Duda Viero,"219,89"
Poltrona Opala Tecido Liso Cor Azul Marinho,"141,19"
Kit 2 Poltrona Decorativa Miami para Sala de Estar Recepção,"474,99"
Poltrona Duda Espresso Móveis,"219,89"
Poltrona Yasmim Tecido 004,"532,22"
Kit 2 Poltronas Decorativas Aurora Suede,"364,81"
Kit 2 Poltronas Decorativa San Diego Sala Recepção Corino Bege,"600,78"
Poltrona do Papai Reclinável Azera Matrix,"599,90"
Kit 2 Poltronas Decorativas Opala Suede,"265,36"
Poltrona Decorativa Opala Deluxe com Puff Suede Cinza,"206,00"
Poltrona Berlim Corano Nozes com Linho Bege Pés Palito - D'Rossi,"399,90"
Kit 2 Poltronas Opala Capuccino Suede Pés Palito Casa Renovo,"269,91"
Poltrona Pérola - Suede,"158,31"
Poltrona Decorativa Opala Suede Marrom,"115,10"
Poltrona Kit 2 Tillas Corino Preto Ab Estofados,"284,67"
Poltrona Cecilia Seda/Nude - Viero Móveis,"374,58"
Poltrona Opala Grafite Suede Pés Palito - My House Decor,"116,09"
Poltrona Reclinável Barão Império Estofados,"899,89"
Poltrona Opala Tecido Liso Cor Azul Marinho,"141,19"
Kit 2 Poltrona Decorativa Miami para Sala de Estar Recepção,"474,99"
Poltrona Decorativa Opala Rosa,"193,11"
Kit 2 Poltronas Decorativas Opala Suede,"283,41"
Poltrona Decorativa Tilla Suede,"139,41"
Poltrona Pérola - Suede,"179,91"
Kit 2 Poltronas Duda Espresso Móveis,"439,79"
Poltrona Duda Espresso Móveis,"219,89"
Poltrona Yasmim Tecido 004,"532,22"
Kit 2 Poltronas Decorativas Aurora Suede,"364,81"
Poltrona Berlim Corano Nozes com Linho Bege Pés Palito - D'Rossi,"399,90"
Poltrona Estoril Retrátil Reclinável Suede Marrom - XFlex Sofás,"702,81"
Poltrona Decorativa Opala Pé Palito,"104,31"
Poltrona em Linho Antúrio Cabecasa Madeiramadeira,"1.109,90"
Kit 2 Poltronas Opala Capuccino Suede Pés Palito Casa Renovo,"269,91"
Poltrona Pérola - Suede,"158,31"
Poltrona Decorativa Opala Suede Marrom,"115,10"
Poltrona Kit 2 Tillas Corino Preto Ab Estofados,"284,67"
Poltrona Decorativa Opala Rosa,"193,11"
Kit 2 Poltronas Decorativas Opala Suede,"283,41"
Poltrona Decorativa Tilla Suede,"139,41"
Poltrona em Linho Antúrio Cabecasa Madeiramadeira,"1.109,90"
Poltrona Decorativa Opala Suede Bege,"130,49"
Kit 2 Poltronas Decorativas Opala com Puff Redondo Cinza - Visa Decor,"274,41"
Poltrona Opala Capuccino 1 Lugar,"130,41"
"Poltrona Opala - Suede Preto, 1 Lugar, Base Palito Imbuia","130,49"
Poltrona do Papai Reclinável Azera Matrix,"619,90"
Poltrona Pérola - Suede,"179,91"
Kit 2 Poltronas Duda Espresso Móveis,"439,79"
Poltrona Estoril Retrátil Reclinável Suede Marrom - XFlex Sofás,"702,81"
Poltrona Decorativa Opala Pé Palito,"104,31"
Poltrona Mona Luxo Madeira Maciça Tecido Linho Bege Claro,"548,89"
Poltrona do Papai Reclinável Imperial Império Estofados,"1.609,90"
Poltrona Decorativa Califórnia Base Giratória 1 Lugar Velusoft Terra Cota - Sofá Casa,"710,10"
Kit 2 Poltronas Decorativas Opala Suede Pés Palito Bege,"327,42"
Poltrona Duda Viero,"219,89"
Kit 2 Poltronas Decorativa San Diego Sala Recepção Corino Bege,"600,78"
Poltrona do Papai Reclinável Azera Matrix,"599,90"
Kit 2 Poltronas Decorativas Opala Suede,"265,36"
Poltrona Decorativa Opala Deluxe com Puff Suede Cinza,"206,00"
Poltrona Cecilia Seda/Nude - Viero Móveis,"374,58"
Poltrona Opala Grafite Suede Pés Palito - My House Decor,"116,09"
Poltrona Reclinável Barão Império Estofados,"899,89"
Poltrona Opala Tecido Liso Cor Azul Marinho,"141,19"
Kit 2 Poltrona Decorativa Miami para Sala de Estar Recepção,"474,99"
Poltrona Duda Espresso Móveis,"219,89"
Poltrona Yasmim Tecido 004,"532,22"
Kit 2 Poltronas Decorativas Aurora Suede,"364,81"
Poltrona Berlim Corano Nozes com Linho Bege Pés Palito - D'Rossi,"399,90"
Kit 2 Poltronas Opala Capuccino Suede Pés Palito Casa Renovo,"269,91"
Poltrona Pérola - Suede,"158,31"
Poltrona Decorativa Opala Suede Marrom,"115,10"
Poltrona Kit 2 Tillas Corino Preto Ab Estofados,"285,29"
Poltrona Decorativa Opala Rosa,"249,90"
Kit 2 Poltronas Decorativas Opala Suede,"283,41"
Poltrona Pérola - Suede,"179,91"
Poltrona Decorativa Tilla Suede,"139,41"
Kit 2 Poltronas Duda Espresso Móveis,"439,79"
Poltrona Estoril Retrátil Reclinável Suede Marrom - XFlex Sofás,"702,81"
Poltrona Decorativa Opala Pé Palito,"104,31"
Poltrona em Linho Antúrio Cabecasa Madeiramadeira,"1.109,90"
Poltrona em Linho Antúrio Cabecasa Madeiramadeira,"1.109,90"
Poltrona Decorativa Opala Suede Bege,"130,49"
Kit 2 Poltronas Decorativas Opala com Puff Redondo Cinza - Visa Decor,"274,41"
Poltrona Opala Capuccino 1 Lugar,"130,41"
"Poltrona Opala - Suede Preto, 1 Lugar, Base Palito Imbuia","130,49"
Poltrona do Papai Reclinável Azera Matrix,"619,90"
Poltrona em Linho Antúrio Cabecasa Madeiramadeira,"1.109,90"
Poltrona Mona Luxo Madeira Maciça Tecido Linho Bege Claro,"548,89"
Poltrona do Papai Reclinável Imperial Império Estofados,"1.609,90"
Poltrona Decorativa Califórnia Base Giratória 1 Lugar Velusoft Terra Cota - Sofá Casa,"710,10"
Kit 2 Poltronas Decorativas Opala Suede Pés Palito Bege,"327,42"
Poltrona Duda Viero,"219,89"
Kit 2 Poltronas Decorativa San Diego Sala Recepção Corino Bege,"600,78"
Poltrona em Linho Antúrio Cabecasa Madeiramadeira,"1.109,90"
Poltrona Decorativa Opala Suede Bege,"130,49"
Kit 2 Poltronas Decorativas Opala com Puff Redondo Cinza - Visa Decor,"243,51"
Poltrona Opala Capuccino 1 Lugar,"130,41"
"Poltrona Opala - Suede Preto, 1 Lugar, Base Palito Imbuia","130,49"
Poltrona do Papai Reclinável Azera Matrix,"619,90"
Poltrona do Papai Reclinável Azera Matrix,"599,90"
Kit 2 Poltronas Decorativas Opala Suede,"265,36"
Poltrona Decorativa Opala Deluxe com Puff Suede Cinza,"206,00"
Poltrona Cecilia Seda/Nude - Viero Móveis,"374,58"
Poltrona Opala Grafite Suede Pés Palito - My House Decor,"116,09"
Poltrona Reclinável Barão Império Estofados,"899,89"
Poltrona Opala Tecido Liso Cor Azul Marinho,"141,19"
Kit 2 Poltrona Decorativa Miami para Sala de Estar Recepção,"474,99"
Poltrona em Linho Antúrio Cabecasa Madeiramadeira,"1.109,90"
Poltrona Mona Luxo Madeira Maciça Tecido Linho Bege Claro,"530,00"
Poltrona do Papai Reclinável Imperial Império Estofados,"1.609,90"
Poltrona Decorativa Califórnia Base Giratória 1 Lugar Velusoft Terra Cota - Sofá Casa,"710,10"
Kit 2 Poltronas Decorativas Opala Suede Pés Palito Bege,"327,42"
Poltrona Duda Espresso Móveis,"219,89"
Poltrona Yasmim Tecido 004,"532,22"
Kit 2 Poltronas Decorativas Aurora Suede,"364,81"
Poltrona Berlim Corano Nozes com Linho Bege Pés Palito - D'Rossi,"399,90"
Kit 2 Poltronas Opala Capuccino Suede Pés Palito Casa Renovo,"269,91"
Poltrona Pérola - Suede,"158,31"
Poltrona Decorativa Opala Suede Marrom,"115,10"
Poltrona em Linho Antúrio Cabecasa Madeiramadeira,"1.109,90"
Poltrona Decorativa Opala Suede Bege,"130,49"
Kit 2 Poltronas Decorativas Opala com Puff Redondo Cinza - Visa Decor,"243,51"
Poltrona Opala Capuccino 1 Lugar,"130,41"
"Poltrona Opala - Suede Preto, 1 Lugar, Base Palito Imbuia","130,49"
Poltrona do Papai Reclinável Azera Matrix,"619,90"
Poltrona Mona Luxo Madeira Maciça Tecido Linho Bege Claro,"530,00"
Poltrona Duda Viero,"219,89"
Kit 2 Poltronas Decorativa San Diego Sala Recepção Corino Bege,"600,78"
Poltrona do Papai Reclinável Azera Matrix,"599,90"
Kit 2 Poltronas Decorativas Opala Suede,"265,36"
Poltrona Decorativa Opala Deluxe com Puff Suede Cinza,"206,00"
Poltrona Cecilia Seda/Nude - Viero Móveis,"374,58"
Poltrona Opala Grafite Suede Pés Palito - My House Decor,"116,09"
Poltrona Kit 2 Tillas Corino Preto Ab Estofados,"285,29"
Poltrona Decorativa Opala Rosa,"209,91"
Kit 2 Poltronas Decorativas Opala Suede,"283,41"
Poltrona Decorativa Tilla Suede,"139,41"
Poltrona Pérola - Suede,"179,91"
Kit 2 Poltronas Duda Espresso Móveis,"439,79"
Poltrona Estoril Retrátil Reclinável Suede Marrom - XFlex Sofás,"702,81"
Poltrona em Linho Antúrio Cabecasa Madeiramadeira,"1.109,90"
Poltrona do Papai Reclinável Imperial Império Estofados,"1.609,90"
Poltrona Decorativa Califórnia Base Giratória 1 Lugar Velusoft Terra Cota - Sofá Casa,"710,10"
Kit 2 Poltronas Decorativas Opala Suede Pés Palito Bege,"327,42"
Poltrona Duda Viero,"219,89"
Kit 2 Poltronas Decorativa San Diego Sala Recepção Corino Bege,"600,78"
Poltrona do Papai Reclinável Azera Matrix,"599,90"
Kit 2 Poltronas Decorativas Opala Suede,"265,36"
Poltrona Decorativa Opala Deluxe com Puff Suede Cinza,"206,00"
Poltrona Cecilia Seda/Nude - Viero Móveis,"374,58"
Poltrona Opala Grafite Suede Pés Palito - My House Decor,"116,09"
Poltrona Reclinável Barão Império Estofados,"899,89"
Poltrona Opala Tecido Liso Cor Azul Marinho,"141,19"
Kit 2 Poltrona Decorativa Miami para Sala de Estar Recepção,"474,99"
Poltrona Duda Espresso Móveis,"219,89"
Poltrona Yasmim Tecido 004,"532,22"
Kit 2 Poltronas Decorativas Aurora Suede,"364,81"
Poltrona Berlim Corano Nozes com Linho Bege Pés Palito - D'Rossi,"399,90"
Kit 2 Poltronas Opala Capuccino Suede Pés Palito Casa Renovo,"269,91"
Poltrona Pérola - Suede,"158,31"
Poltrona Decorativa Opala Suede Marrom,"115,10"
Poltrona Decorativa Opala Pé Palito,"104,31"
Poltrona em Linho Antúrio Cabecasa Madeiramadeira,"1.109,90"
Poltrona Decorativa Opala Suede Bege,"130,49"
Kit 2 Poltronas Decorativas Opala com Puff Redondo Cinza - Visa Decor,"274,41"
Poltrona Opala Capuccino 1 Lugar,"130,41"
"Poltrona Opala - Suede Preto, 1 Lugar, Base Palito Imbuia","130,49"
Poltrona do Papai Reclinável Azera Matrix,"619,90"
Poltrona Reclinável Barão Império Estofados,"899,89"
Poltrona Opala Tecido Liso Cor Azul Marinho,"141,19"
Kit 2 Poltrona Decorativa Miami para Sala de Estar Recepção,"474,99"
Poltrona Duda Espresso Móveis,"219,89"
Poltrona Yasmim Tecido 004,"532,22"
Kit 2 Poltronas Decorativas Aurora Suede,"364,81"
Poltrona Berlim Corano Nozes com Linho Bege Pés Palito - D'Rossi,"399,90"
Kit 2 Poltronas Opala Capuccino Suede Pés Palito Casa Renovo,"269,91"
Poltrona Pérola - Suede,"158,31"
Poltrona Decorativa Opala Suede Marrom,"115,10"
Poltrona Kit 2 Tillas Corino Preto Ab Estofados,"284,67"
Poltrona Decorativa Opala Rosa,"193,11"
Kit 2 Poltronas Decorativas Opala Suede,"283,41"
Poltrona Decorativa Tilla Suede,"139,41"
Poltrona Pérola - Suede,"179,91"
Kit 2 Poltronas Duda Espresso Móveis,"439,79"
Poltrona Estoril Retrátil Reclinável Suede Marrom - XFlex Sofás,"702,81"
Poltrona Decorativa Opala Pé Palito,"104,31"
Poltrona Mona Luxo Madeira Maciça Tecido Linho Bege Claro,"530,00"
Poltrona do Papai Reclinável Imperial Império Estofados,"1.609,90"
Poltrona Decorativa Califórnia Base Giratória 1 Lugar Velusoft Terra Cota - Sofá Casa,"710,10"
Kit 2 Poltronas Decorativas Opala Suede Pés Palito Bege,"327,42"
Poltrona Duda Viero,"219,89"
Kit 2 Poltronas Decorativa San Diego Sala Recepção Corino Bege,"600,78"
Poltrona do Papai Reclinável Azera Matrix,"599,90"
Kit 2 Poltronas Decorativas Opala Suede,"265,36"
Poltrona Decorativa Opala Deluxe com Puff Suede Cinza,"206,00"
Poltrona Kit 2 Tillas Corino Preto Ab Estofados,"284,67"
Poltrona Decorativa Opala Rosa,"193,11"
Kit 2 Poltronas Decorativas Opala Suede,"283,41"
Poltrona Decorativa Tilla Suede,"139,41"
Poltrona Pérola - Suede,"179,91"
Kit 2 Poltronas Duda Espresso Móveis,"439,79"
Poltrona Estoril Retrátil Reclinável Suede Marrom - XFlex Sofás,"702,81"
Poltrona Decorativa Opala Pé Palito,"104,31"
Poltrona Opala Grafite Suede Pés Palito - My House Decor,"116,09"
Poltrona Reclinável Barão Império Estofados,"899,89"
Poltrona Cecilia Seda/Nude - Viero Móveis,"374,58"
Poltrona Opala Tecido Liso Cor Azul Marinho,"141,19"
Kit 2 Poltrona Decorativa Miami para Sala de Estar Recepção,"474,99"
Poltrona Duda Espresso Móveis,"219,89"
Poltrona Yasmim Tecido 004,"532,22"
Kit 2 Poltronas Decorativas Aurora Suede,"364,81"
Poltrona Berlim Corano Nozes com Linho Bege Pés Palito - D'Rossi,"399,90"
Poltrona Pérola - Suede,"158,31"
Kit 2 Poltronas Opala Capuccino Suede Pés Palito Casa Renovo,"269,91"
Poltrona Decorativa Opala Suede Marrom,"115,10"
Poltrona Kit 2 Tillas Corino Preto Ab Estofados,"285,29"
Poltrona Decorativa Opala Rosa,"194,90"
Kit 2 Poltronas Decorativas Opala Suede,"283,41"
Poltrona Pérola - Suede,"179,91"
Poltrona Decorativa Tilla Suede,"139,41"
Kit 2 Poltronas Duda Espresso Móveis,"439,79"
Poltrona Estoril Retrátil Reclinável Suede Marrom - XFlex Sofás,"702,81"
Poltrona Decorativa Opala Pé Palito,"104,31"
Poltrona em Linho Antúrio Cabecasa Madeiramadeira,"1.109,90"
Poltrona em Linho Antúrio Cabecasa Madeiramadeira,"1.109,90"
Poltrona Decorativa Opala Suede Bege,"130,49"
Kit 2 Poltronas Decorativas Opala com Puff Redondo Cinza - Visa Decor,"274,41"
Poltrona Opala Capuccino 1 Lugar,"130,41"
"Poltrona Opala - Suede Preto, 1 Lugar, Base Palito Imbuia","130,49"
Poltrona do Papai Reclinável Azera Matrix,"619,90"
Poltrona Mona Luxo Madeira Maciça Tecido Linho Bege Claro,"548,89"
Poltrona do Papai Reclinável Imperial Império Estofados,"1.609,90"
Poltrona Decorativa Califórnia Base Giratória 1 Lugar Velusoft Terra Cota - Sofá Casa,"710,10"
Kit 2 Poltronas Decorativas Opala Suede Pés Palito Bege,"327,42"
Poltrona Duda Viero,"219,89"
Kit 2 Poltronas Decorativa San Diego Sala Recepção Corino Bege,"600,78"
Poltrona do Papai Reclinável Azera Matrix,"599,90"
Kit 2 Poltronas Decorativas Opala Suede,"265,36"
Poltrona Decorativa Opala Deluxe com Puff Suede Cinza,"206,00"
Poltrona Cecilia Seda/Nude - Viero Móveis,"374,58"
Poltrona Opala Grafite Suede Pés Palito - My House Decor,"116,09"
Poltrona Reclinável Barão Império Estofados,"899,89"
Poltrona Opala Tecido Liso Cor Azul Marinho,"141,19"
Kit 2 Poltrona Decorativa Miami para Sala de Estar Recepção,"474,99"
Poltrona Duda Espresso Móveis,"219,89"
Poltrona Yasmim Tecido 004,"532,22"
Kit 2 Poltronas Decorativas Aurora Suede,"364,81"
Poltrona Berlim Corano Nozes com Linho Bege Pés Palito - D'Rossi,"399,90"
Kit 2 Poltronas Opala Capuccino Suede Pés Palito Casa Renovo,"269,91"
Poltrona Pérola - Suede,"158,31"
Poltrona Decorativa Opala Suede Marrom,"115,10"
Poltrona Kit 2 Tillas Corino Preto Ab Estofados,"285,29"
Poltrona Decorativa Opala Rosa,"249,90"
Kit 2 Poltronas Decorativas Opala Suede,"283,41"
Poltrona Pérola - Suede,"179,91"
Poltrona Decorativa Tilla Suede,"139,41"
Kit 2 Poltronas Duda Espresso Móveis,"439,79"
Poltrona Estoril Retrátil Reclinável Suede Marrom - XFlex Sofás,"702,81"
Poltrona Decorativa Opala Pé Palito,"104,31"
Poltrona em Linho Antúrio Cabecasa Madeiramadeira,"1.109,90"
Poltrona em Linho Antúrio Cabecasa Madeiramadeira,"1.109,90"
Poltrona Decorativa Opala Suede Bege,"130,49"
Kit 2 Poltronas Decorativas Opala com Puff Redondo Cinza - Visa Decor,"243,51"
Poltrona Opala Capuccino 1 Lugar,"130,41"
"Poltrona Opala - Suede Preto, 1 Lugar, Base Palito Imbuia","130,49"
Poltrona do Papai Reclinável Azera Matrix,"619,90"
Poltrona Mona Luxo Madeira Maciça Tecido Linho Bege Claro,"530,00"
Poltrona do Papai Reclinável Imperial Império Estofados,"1.609,90"
Poltrona Decorativa Califórnia Base Giratória 1 Lugar Velusoft Terra Cota - Sofá Casa,"710,10"
Kit 2 Poltronas Decorativas Opala Suede Pés Palito Bege,"327,42"
Poltrona Duda Viero,"219,89"
Kit 2 Poltronas Decorativa San Diego Sala Recepção Corino Bege,"600,78"
Poltrona do Papai Reclinável Azera Matrix,"599,90"
Kit 2 Poltronas Decorativas Opala Suede,"265,36"
Poltrona Decorativa Opala Deluxe com Puff Suede Cinza,"206,00"
Poltrona Cecilia Seda/Nude - Viero Móveis,"374,58"
Poltrona Opala Grafite Suede Pés Palito - My House Decor,"116,09"
Poltrona Reclinável Barão Império Estofados,"899,89"
Poltrona Opala Tecido Liso Cor Azul Marinho,"141,19"
Kit 2 Poltrona Decorativa Miami para Sala de Estar Recepção,"474,99"
Poltrona Duda Espresso Móveis,"219,89"
Poltrona Yasmim Tecido 004,"532,22"
Kit 2 Poltronas Decorativas Aurora Suede,"364,81"
Poltrona Berlim Corano Nozes com Linho Bege Pés Palito - D'Rossi,"399,90"
Kit 2 Poltronas Opala Capuccino Suede Pés Palito Casa Renovo,"269,91"
Poltrona Pérola - Suede,"158,31"
Poltrona Decorativa Opala Suede Marrom,"115,10"
Poltrona Kit 2 Tillas Corino Preto Ab Estofados,"284,67"
Poltrona Decorativa Opala Rosa,"193,11"
Kit 2 Poltronas Decorativas Opala Suede,"283,41"
Poltrona Decorativa Tilla Suede,"139,41"
Poltrona Pérola - Suede,"179,91"
Kit 2 Poltronas Duda Espresso Móveis,"439,79"
Poltrona Estoril Retrátil Reclinável Suede Marrom - XFlex Sofás,"702,81"
Poltrona Decorativa Opala Pé Palito,"104,31"
Poltrona em Linho Antúrio Cabecasa Madeiramadeira,"1.109,90"
Poltrona em Linho Antúrio Cabecasa Madeiramadeira,"1.109,90"
Poltrona Decorativa Opala Suede Bege,"130,49"
Kit 2 Poltronas Decorativas Opala com Puff Redondo Cinza - Visa Decor,"274,41"
Poltrona Opala Capuccino 1 Lugar,"130,41"
"Poltrona Opala - Suede Preto, 1 Lugar, Base Palito Imbuia","130,49"
Poltrona do Papai Reclinável Azera Matrix,"619,90"
Poltrona em Linho Antúrio Cabecasa Madeiramadeira,"1.109,90"
Poltrona Mona Luxo Madeira Maciça Tecido Linho Bege Claro,"530,00"
Poltrona do Papai Reclinável Imperial Império Estofados,"1.609,90"
Poltrona Decorativa Califórnia Base Giratória 1 Lugar Velusoft Terra Cota - Sofá Casa,"710,10"
Kit 2 Poltronas Decorativas Opala Suede Pés Palito Bege,"327,42"
Poltrona Duda Viero,"219,89"
Kit 2 Poltronas Decorativa San Diego Sala Recepção Corino Bege,"600,78"
Poltrona em Linho Antúrio Cabecasa Madeiramadeira,"1.109,90"
Poltrona Decorativa Opala Suede Bege,"130,49"
Kit 2 Poltronas Decorativas Opala com Puff Redondo Cinza - Visa Decor,"243,51"
Poltrona Opala Capuccino 1 Lugar,"130,41"
"Poltrona Opala - Suede Preto, 1 Lugar, Base Palito Imbuia","130,49"
Poltrona do Papai Reclinável Azera Matrix,"619,90"
Poltrona Mona Luxo Madeira Maciça Tecido Linho Bege Claro,"530,00"
Poltrona do Papai Reclinável Azera Matrix,"599,90"
Kit 2 Poltronas Decorativas Opala Suede,"265,36"
Poltrona Decorativa Opala Deluxe com Puff Suede Cinza,"206,00"
Poltrona Opala Grafite Suede Pés Palito - My House Decor,"116,09"
Poltrona Reclinável Barão Império Estofados,"899,89"
Poltrona do Papai Reclinável Imperial Império Estofados,"1.609,90"
Poltrona Decorativa Califórnia Base Giratória 1 Lugar Velusoft Terra Cota - Sofá Casa,"710,10"
Kit 2 Poltronas Decorativas Opala Suede Pés Palito Bege,"327,42"
Poltrona Duda Viero,"219,89"
Kit 2 Poltronas Decorativa San Diego Sala Recepção Corino Bege,"600,78"
Poltrona do Papai Reclinável Azera Matrix,"599,90"
Poltrona Cecilia Seda/Nude - Viero Móveis,"374,58"
Poltrona Opala Tecido Liso Cor Azul Marinho,"141,19"
Kit 2 Poltrona Decorativa Miami para Sala de Estar Recepção,"474,99"
Poltrona Duda Espresso Móveis,"219,89"
Poltrona Yasmim Tecido 004,"532,22"
Kit 2 Poltronas Decorativas Aurora Suede,"364,81"
Kit 2 Poltronas Decorativas Opala Suede,"265,36"
Poltrona Decorativa Opala Deluxe com Puff Suede Cinza,"206,00"
Poltrona Cecilia Seda/Nude - Viero Móveis,"374,58"
Poltrona Opala Grafite Suede Pés Palito - My House Decor,"116,09"
Poltrona Reclinável Barão Império Estofados,"899,89"
Poltrona Opala Tecido Liso Cor Azul Marinho,"141,19"
Poltrona Berlim Corano Nozes com Linho Bege Pés Palito - D'Rossi,"399,90"
Poltrona Pérola - Suede,"158,31"
Kit 2 Poltrona Decorativa Miami para Sala de Estar Recepção,"474,99"
Poltrona Duda Espresso Móveis,"219,89"
Poltrona Yasmim Tecido 004,"532,22"
Kit 2 Poltronas Decorativas Aurora Suede,"364,81"
Kit 2 Poltronas Opala Capuccino Suede Pés Palito Casa Renovo,"269,91"
Poltrona Decorativa Opala Suede Marrom,"115,10"
Poltrona Kit 2 Tillas Corino Preto Ab Estofados,"285,29"
Poltrona Decorativa Opala Rosa,"194,90"
Kit 2 Poltronas Decorativas Opala Suede,"283,41"
Poltrona Pérola - Suede,"179,91"
Poltrona Berlim Corano Nozes com Linho Bege Pés Palito - D'Rossi,"399,90"
Kit 2 Poltronas Opala Capuccino Suede Pés Palito Casa Renovo,"269,91"
Poltrona Pérola - Suede,"158,31"
Poltrona Decorativa Opala Suede Marrom,"115,10"
Poltrona Decorativa Tilla Suede,"139,41"
Kit 2 Poltronas Duda Espresso Móveis,"439,79"
Poltrona Estoril Retrátil Reclinável Suede Marrom - XFlex Sofás,"702,81"
Poltrona Decorativa Opala Pé Palito,"104,31"
Poltrona em Linho Antúrio Cabecasa Madeiramadeira,"1.109,90"
Poltrona Kit 2 Tillas Corino Preto Ab Estofados,"284,67"
Poltrona Decorativa Opala Rosa,"193,11"
Kit 2 Poltronas Decorativas Opala Suede,"283,41"
Poltrona em Linho Antúrio Cabecasa Madeiramadeira,"1.109,90"
Poltrona Decorativa Opala Suede Bege,"130,49"
Kit 2 Poltronas Decorativas Opala com Puff Redondo Cinza - Visa Decor,"243,51"
Poltrona Opala Capuccino 1 Lugar,"130,41"
"Poltrona Opala - Suede Preto, 1 Lugar, Base Palito Imbuia","130,49"
Poltrona Decorativa Tilla Suede,"139,41"
Poltrona Pérola - Suede,"179,91"
Kit 2 Poltronas Duda Espresso Móveis,"439,79"
Poltrona Estoril Retrátil Reclinável Suede Marrom - XFlex Sofás,"702,81"
Poltrona em Linho Antúrio Cabecasa Madeiramadeira,"1.109,90"
Poltrona do Papai Reclinável Azera Matrix,"619,90"
Poltrona Mona Luxo Madeira Maciça Tecido Linho Bege Claro,"530,00"
Poltrona do Papai Reclinável Imperial Império Estofados,"1.609,90"
Poltrona Decorativa Califórnia Base Giratória 1 Lugar Velusoft Terra Cota - Sofá Casa,"710,10"
Poltrona Decorativa Opala Pé Palito,"104,31"
Poltrona em Linho Antúrio Cabecasa Madeiramadeira,"1.109,90"
Poltrona Decorativa Opala Suede Bege,"130,49"
Kit 2 Poltronas Decorativas Opala com Puff Redondo Cinza - Visa Decor,"243,51"
Kit 2 Poltronas Decorativas Opala Suede Pés Palito Bege,"327,42"
Poltrona Duda Viero,"219,89"
Kit 2 Poltronas Decorativa San Diego Sala Recepção Corino Bege,"600,78"
Poltrona do Papai Reclinável Azera Matrix,"599,90"
Poltrona em Linho Antúrio Cabecasa Madeiramadeira,"1.109,90"
Poltrona Opala Capuccino 1 Lugar,"130,41"
"Poltrona Opala - Suede Preto, 1 Lugar, Base Palito Imbuia","130,49"
Poltrona do Papai Reclinável Azera Matrix,"619,90"
Poltrona Mona Luxo Madeira Maciça Tecido Linho Bege Claro,"530,00"
Poltrona do Papai Reclinável Imperial Império Estofados,"1.609,90"
Kit 2 Poltronas Decorativas Opala Suede,"265,36"
Poltrona Decorativa Opala Deluxe com Puff Suede Cinza,"206,00"
Poltrona Cecilia Seda/Nude - Viero Móveis,"374,58"
Poltrona Opala Grafite Suede Pés Palito - My House Decor,"116,09"
Poltrona Reclinável Barão Império Estofados,"899,89"
Poltrona em Linho Antúrio Cabecasa Madeiramadeira,"1.109,90"
Poltrona Decorativa Opala Suede Bege,"130,49"
Kit 2 Poltronas Decorativas Opala com Puff Redondo Cinza - Visa Decor,"274,41"
Poltrona Opala Capuccino 1 Lugar,"130,41"
Poltrona Decorativa Califórnia Base Giratória 1 Lugar Velusoft Terra Cota - Sofá Casa,"710,10"
Kit 2 Poltronas Decorativas Opala Suede Pés Palito Bege,"327,42"
Poltrona Duda Viero,"219,89"
Kit 2 Poltronas Decorativa San Diego Sala Recepção Corino Bege,"600,78"
Poltrona do Papai Reclinável Azera Matrix,"599,90"
Kit 2 Poltronas Decorativas Opala Suede,"265,36"
Poltrona Opala Tecido Liso Cor Azul Marinho,"141,19"
Kit 2 Poltrona Decorativa Miami para Sala de Estar Recepção,"474,99"
Poltrona Duda Espresso Móveis,"219,89"
"Poltrona Opala - Suede Preto, 1 Lugar, Base Palito Imbuia","130,49"
Poltrona do Papai Reclinável Azera Matrix,"619,90"
Poltrona Mona Luxo Madeira Maciça Tecido Linho Bege Claro,"530,00"
Poltrona do Papai Reclinável Imperial Império Estofados,"1.609,90"
Poltrona Decorativa Califórnia Base Giratória 1 Lugar Velusoft Terra Cota - Sofá Casa,"710,10"
Poltrona Decorativa Opala Deluxe com Puff Suede Cinza,"206,00"
Poltrona Cecilia Seda/Nude - Viero Móveis,"374,58"
Poltrona Opala Grafite Suede Pés Palito - My House Decor,"116,09"
Poltrona Reclinável Barão Império Estofados,"899,89"
Poltrona Yasmim Tecido 004,"532,22"
Kit 2 Poltronas Decorativas Aurora Suede,"364,81"
Poltrona Berlim Corano Nozes com Linho Bege Pés Palito - D'Rossi,"399,90"
Kit 2 Poltronas Opala Capuccino Suede Pés Palito Casa Renovo,"269,91"
Poltrona Pérola - Suede,"158,31"
Kit 2 Poltronas Decorativas Opala Suede Pés Palito Bege,"327,42"
Poltrona Duda Viero,"219,89"
Kit 2 Poltronas Decorativa San Diego Sala Recepção Corino Bege,"600,78"
Poltrona Opala Tecido Liso Cor Azul Marinho,"141,19"
Kit 2 Poltrona Decorativa Miami para Sala de Estar Recepção,"474,99"
Poltrona Decorativa Opala Suede Marrom,"115,10"
Poltrona Kit 2 Tillas Corino Preto Ab Estofados,"284,67"
Poltrona Decorativa Opala Rosa,"193,11"
Kit 2 Poltronas Decorativas Opala Suede,"283,41"
Poltrona do Papai Reclinável Azera Matrix,"599,90"
Kit 2 Poltronas Decorativas Opala Suede,"265,36"
Poltrona em Linho Antúrio Cabecasa Madeiramadeira,"1.109,90"
Poltrona Duda Espresso Móveis,"219,89"
Poltrona Yasmim Tecido 004,"532,22"
Kit 2 Poltronas Decorativas Aurora Suede,"364,81"
Poltrona Berlim Corano Nozes com Linho Bege Pés Palito - D'Rossi,"399,90"
Poltrona Decorativa Tilla Suede,"139,41"
Poltrona Pérola - Suede,"179,91"
Kit 2 Poltronas Duda Espresso Móveis,"439,79"
Poltrona Decorativa Opala Deluxe com Puff Suede Cinza,"206,00"
Poltrona Opala Grafite Suede Pés Palito - My House Decor,"116,09"
Poltrona Reclinável Barão Império Estofados,"899,89"
Poltrona em Linho Antúrio Cabecasa Madeiramadeira,"1.109,90"
Poltrona Decorativa Opala Suede Bege,"130,49"
Kit 2 Poltronas Decorativas Opala com Puff Redondo Cinza - Visa Decor,"274,41"
Kit 2 Poltronas Opala Capuccino Suede Pés Palito Casa Renovo,"269,91"
Poltrona Pérola - Suede,"158,31"
Poltrona Decorativa Opala Suede Marrom,"115,10"
Poltrona Kit 2 Tillas Corino Preto Ab Estofados,"284,67"
Poltrona Estoril Retrátil Reclinável Suede Marrom - XFlex Sofás,"702,81"
Poltrona Decorativa Opala Pé Palito,"104,31"
Poltrona Cecilia Seda/Nude - Viero Móveis,"374,58"
Poltrona Opala Tecido Liso Cor Azul Marinho,"141,19"
Poltrona em Linho Antúrio Cabecasa Madeiramadeira,"1.109,90"
Poltrona Opala Capuccino 1 Lugar,"130,41"
"Poltrona Opala - Suede Preto, 1 Lugar, Base Palito Imbuia","130,49"
Poltrona do Papai Reclinável Azera Matrix,"619,90"
Poltrona Mona Luxo Madeira Maciça Tecido Linho Bege Claro,"530,00"
Poltrona do Papai Reclinável Imperial Império Estofados,"1.609,90"
Poltrona Decorativa Opala Rosa,"193,11"
Kit 2 Poltronas Decorativas Opala Suede,"283,41"
Poltrona Decorativa Tilla Suede,"139,41"
Poltrona Pérola - Suede,"179,91"
Kit 2 Poltronas Duda Espresso Móveis,"439,79"
Poltrona Estoril Retrátil Reclinável Suede Marrom - XFlex Sofás,"702,81"
Kit 2 Poltrona Decorativa Miami para Sala de Estar Recepção,"474,99"
Poltrona Duda Espresso Móveis,"219,89"
Poltrona Yasmim Tecido 004,"532,22"
Kit 2 Poltronas Decorativas Aurora Suede,"364,81"
Poltrona em Linho Antúrio Cabecasa Madeiramadeira,"1.109,90"
Poltrona Decorativa Opala Suede Bege,"130,49"
Kit 2 Poltronas Decorativas Opala com Puff Redondo Cinza - Visa Decor,"243,51"
Poltrona Decorativa Califórnia Base Giratória 1 Lugar Velusoft Terra Cota - Sofá Casa,"710,10"
Kit 2 Poltronas Decorativas Opala Suede Pés Palito Bege,"327,42"
Poltrona Duda Viero,"219,89"
Poltrona Decorativa Opala Pé Palito,"104,31"
Poltrona Berlim Corano Nozes com Linho Bege Pés Palito - D'Rossi,"399,90"
Poltrona Pérola - Suede,"158,31"
Kit 2 Poltronas Opala Capuccino Suede Pés Palito Casa Renovo,"269,91"
Poltrona em Linho Antúrio Cabecasa Madeiramadeira,"1.109,90"
Poltrona Opala Capuccino 1 Lugar,"130,41"
"Poltrona Opala - Suede Preto, 1 Lugar, Base Palito Imbuia","130,49"
Poltrona do Papai Reclinável Azera Matrix,"619,90"
Poltrona Mona Luxo Madeira Maciça Tecido Linho Bege Claro,"530,00"
Poltrona do Papai Reclinável Imperial Império Estofados,"1.609,90"
Poltrona Decorativa Califórnia Base Giratória 1 Lugar Velusoft Terra Cota - Sofá Casa,"710,10"
Kit 2 Poltronas Decorativas Opala Suede Pés Palito Bege,"327,42"
Kit 2 Poltronas Decorativa San Diego Sala Recepção Corino Bege,"600,78"
Poltrona do Papai Reclinável Azera Matrix,"599,90"
Kit 2 Poltronas Decorativas Opala Suede,"265,36"
Poltrona Decorativa Opala Deluxe com Puff Suede Cinza,"206,00"
Poltrona Opala Grafite Suede Pés Palito - My House Decor,"116,09"
Poltrona Reclinável Barão Império Estofados,"899,89"
Poltrona Decorativa Opala Suede Marrom,"115,10"
Poltrona Kit 2 Tillas Corino Preto Ab Estofados,"285,29"
Poltrona Decorativa Opala Rosa,"194,90"
Poltrona em Linho Antúrio Cabecasa Madeiramadeira,"1.109,90"
Poltrona Decorativa Opala Suede Bege,"130,49"
Poltrona Duda Viero,"219,89"
Kit 2 Poltronas Decorativa San Diego Sala Recepção Corino Bege,"600,78"
Poltrona do Papai Reclinável Azera Matrix,"599,90"
Poltrona Cecilia Seda/Nude - Viero Móveis,"374,58"
Poltrona Opala Tecido Liso Cor Azul Marinho,"141,19"
Kit 2 Poltrona Decorativa Miami para Sala de Estar Recepção,"474,99"
Kit 2 Poltronas Decorativas Opala Suede,"283,41"
Poltrona Pérola - Suede,"179,91"
Kit 2 Poltronas Decorativas Opala com Puff Redondo Cinza - Visa Decor,"274,41"
Poltrona Opala Capuccino 1 Lugar,"130,41"
Kit 2 Poltronas Decorativas Opala Suede,"265,36"
Poltrona Decorativa Opala Deluxe com Puff Suede Cinza,"206,00"
Poltrona Duda Espresso Móveis,"219,89"
Poltrona Yasmim Tecido 004,"532,22"
Poltrona Decorativa Tilla Suede,"139,41"
"Poltrona Opala - Suede Preto, 1 Lugar, Base Palito Imbuia","130,49"
Poltrona do Papai Reclinável Azera Matrix,"619,90"
Poltrona Cecilia Seda/Nude - Viero Móveis,"374,58"
Poltrona Opala Grafite Suede Pés Palito - My House Decor,"116,09"
Kit 2 Poltronas Decorativas Aurora Suede,"364,81"
Poltrona Berlim Corano Nozes com Linho Bege Pés Palito - D'Rossi,"399,90"
Poltrona Pérola - Suede,"158,31"
Kit 2 Poltronas Opala Capuccino Suede Pés Palito Casa Renovo,"269,91"
Kit 2 Poltronas Duda Espresso Móveis,"439,79"
Poltrona Estoril Retrátil Reclinável Suede Marrom - XFlex Sofás,"702,81"
Poltrona Mona Luxo Madeira Maciça Tecido Linho Bege Claro,"530,00"
Poltrona do Papai Reclinável Imperial Império Estofados,"1.609,90"
Poltrona Reclinável Barão Império Estofados,"899,89"
Poltrona Opala Tecido Liso Cor Azul Marinho,"141,19"
Poltrona em Linho Antúrio Cabecasa Madeiramadeira,"1.109,90"
Poltrona Decorativa Opala Suede Marrom,"115,10"
Poltrona Kit 2 Tillas Corino Preto Ab Estofados,"285,29"
Poltrona Decorativa Opala Rosa,"194,90"
Kit 2 Poltronas Decorativas Opala Suede,"283,41"
Poltrona Decorativa Tilla Suede,"139,41"
Poltrona Pérola - Suede,"179,91"
Kit 2 Poltronas Duda Espresso Móveis,"439,79"
Poltrona Estoril Retrátil Reclinável Suede Marrom - XFlex Sofás,"702,81"
Poltrona Decorativa Opala Pé Palito,"104,31"
Poltrona Decorativa Opala Pé Palito,"104,31"
Poltrona Decorativa Califórnia Base Giratória 1 Lugar Velusoft Terra Cota - Sofá Casa,"710,10"
Kit 2 Poltronas Decorativas Opala Suede Pés Palito Bege,"327,42"
Poltrona Duda Viero,"219,89"
Kit 2 Poltronas Decorativa San Diego Sala Recepção Corino Bege,"600,78"
Poltrona do Papai Reclinável Azera Matrix,"599,90"
Kit 2 Poltronas Decorativas Opala Suede,"265,36"
Poltrona Decorativa Opala Deluxe com Puff Suede Cinza,"206,00"
Poltrona Opala Grafite Suede Pés Palito - My House Decor,"116,09"
Kit 2 Poltrona Decorativa Miami para Sala de Estar Recepção,"474,99"
Poltrona Duda Espresso Móveis,"219,89"
Poltrona Yasmim Tecido 004,"532,22"
Kit 2 Poltronas Decorativas Aurora Suede,"364,81"
Poltrona Berlim Corano Nozes com Linho Bege Pés Palito - D'Rossi,"399,90"
Kit 2 Poltronas Opala Capuccino Suede Pés Palito Casa Renovo,"269,91"
Poltrona Pérola - Suede,"158,31"
Poltrona Decorativa Opala Suede Marrom,"115,10"
Poltrona Kit 2 Tillas Corino Preto Ab Estofados,"284,67"
Poltrona Decorativa Opala Rosa,"193,11"
Poltrona em Linho Antúrio Cabecasa Madeiramadeira,"1.109,90"
Poltrona Decorativa Opala Suede Bege,"130,49"
Kit 2 Poltronas Decorativas Opala com Puff Redondo Cinza - Visa Decor,"243,51"
Poltrona Opala Capuccino 1 Lugar,"130,41"
"Poltrona Opala - Suede Preto, 1 Lugar, Base Palito Imbuia","130,49"
Poltrona do Papai Reclinável Azera Matrix,"619,90"
Poltrona em Linho Antúrio Cabecasa Madeiramadeira,"1.109,90"
Poltrona Reclinável Barão Império Estofados,"899,89"
Poltrona Cecilia Seda/Nude - Viero Móveis,"374,58"
Poltrona Opala Tecido Liso Cor Azul Marinho,"141,19"
Kit 2 Poltrona Decorativa Miami para Sala de Estar Recepção,"474,99"
Kit 2 Poltronas Decorativas Opala Suede,"283,41"
Poltrona Decorativa Tilla Suede,"139,41"
Poltrona Mona Luxo Madeira Maciça Tecido Linho Bege Claro,"530,00"
Poltrona do Papai Reclinável Imperial Império Estofados,"1.609,90"
Poltrona Decorativa Califórnia Base Giratória 1 Lugar Velusoft Terra Cota - Sofá Casa,"710,10"
Poltrona em Linho Antúrio Cabecasa Madeiramadeira,"1.109,90"
Poltrona Decorativa Opala Suede Bege,"130,49"
Kit 2 Poltronas Decorativas Opala com Puff Redondo Cinza - Visa Decor,"274,41"
Poltrona Opala Capuccino 1 Lugar,"130,41"
Poltrona Duda Espresso Móveis,"219,89"
Poltrona Yasmim Tecido 004,"532,22"
Kit 2 Poltronas Decorativas Aurora Suede,"364,81"
Poltrona Berlim Corano Nozes com Linho Bege Pés Palito - D'Rossi,"399,90"
Poltrona Pérola - Suede,"179,91"
Kit 2 Poltronas Duda Espresso Móveis,"439,79"
Kit 2 Poltronas Decorativas Opala Suede Pés Palito Bege,"327,42"
Poltrona Duda Viero,"219,89"
Kit 2 Poltronas Decorativa San Diego Sala Recepção Corino Bege,"600,78"
"Poltrona Opala - Suede Preto, 1 Lugar, Base Palito Imbuia","130,49"
Poltrona do Papai Reclinável Azera Matrix,"619,90"
Poltrona Mona Luxo Madeira Maciça Tecido Linho Bege Claro,"530,00"
Poltrona do Papai Reclinável Imperial Império Estofados,"1.609,90"
Poltrona Pérola - Suede,"158,31"
Kit 2 Poltronas Opala Capuccino Suede Pés Palito Casa Renovo,"269,91"
Poltrona Decorativa Opala Suede Marrom,"115,10"
Poltrona Estoril Retrátil Reclinável Suede Marrom - XFlex Sofás,"702,81"
Poltrona Decorativa Opala Pé Palito,"104,31"
Poltrona do Papai Reclinável Azera Matrix,"599,90"
Kit 2 Poltronas Decorativas Opala Suede,"265,36"
Poltrona Decorativa Opala Deluxe com Puff Suede Cinza,"206,00"
Poltrona Decorativa Califórnia Base Giratória 1 Lugar Velusoft Terra Cota - Sofá Casa,"710,10"
Kit 2 Poltronas Decorativas Opala Suede Pés Palito Bege,"327,42"
Poltrona Kit 2 Tillas Corino Preto Ab Estofados,"285,29"
Poltrona Decorativa Opala Rosa,"194,90"
Kit 2 Poltronas Decorativas Opala Suede,"283,41"
Poltrona em Linho Antúrio Cabecasa Madeiramadeira,"1.109,90"
Poltrona Cecilia Seda/Nude - Viero Móveis,"374,58"
Poltrona Opala Grafite Suede Pés Palito - My House Decor,"116,09"
Poltrona Reclinável Barão Império Estofados,"899,89"
Poltrona Opala Tecido Liso Cor Azul Marinho,"141,19"
Kit 2 Poltrona Decorativa Miami para Sala de Estar Recepção,"474,99"
Poltrona Duda Espresso Móveis,"219,89"
Poltrona Duda Viero,"219,89"
Kit 2 Poltronas Decorativa San Diego Sala Recepção Corino Bege,"600,78"
Poltrona do Papai Reclinável Azera Matrix,"599,90"
Poltrona Decorativa Opala Deluxe com Puff Suede Cinza,"206,00"
Kit 2 Poltronas Decorativas Opala Suede,"265,36"
Poltrona Reclinável Barão Império Estofados,"899,89"
Poltrona Cecilia Seda/Nude - Viero Móveis,"374,58"
Poltrona Decorativa Tilla Suede,"139,41"
Poltrona Pérola - Suede,"179,91"
Kit 2 Poltronas Duda Espresso Móveis,"439,79"
Poltrona Estoril Retrátil Reclinável Suede Marrom - XFlex Sofás,"702,81"
Poltrona Decorativa Opala Pé Palito,"104,31"
Poltrona em Linho Antúrio Cabecasa Madeiramadeira,"1.109,90"
Poltrona Decorativa Opala Suede Bege,"130,49"
Kit 2 Poltronas Decorativas Opala com Puff Redondo Cinza - Visa Decor,"243,51"
Poltrona Opala Capuccino 1 Lugar,"130,41"
"Poltrona Opala - Suede Preto, 1 Lugar, Base Palito Imbuia","130,49"
Poltrona Yasmim Tecido 004,"532,22"
Kit 2 Poltronas Decorativas Aurora Suede,"364,81"
Poltrona Berlim Corano Nozes com Linho Bege Pés Palito - D'Rossi,"399,90"
Kit 2 Poltronas Opala Capuccino Suede Pés Palito Casa Renovo,"269,91"
Poltrona Pérola - Suede,"158,31"
Poltrona Opala Grafite Suede Pés Palito - My House Decor,"116,09"
Kit 2 Poltrona Decorativa Miami para Sala de Estar Recepção,"474,99"
Poltrona Duda Espresso Móveis,"219,89"
Poltrona Opala Tecido Liso Cor Azul Marinho,"141,19"
Kit 2 Poltronas Decorativas Aurora Suede,"364,81"
Poltrona em Linho Antúrio Cabecasa Madeiramadeira,"1.109,90"
Poltrona do Papai Reclinável Azera Matrix,"619,90"
Poltrona Mona Luxo Madeira Maciça Tecido Linho Bege Claro,"530,00"
Poltrona do Papai Reclinável Imperial Império Estofados,"1.609,90"
Poltrona Decorativa Opala Suede Marrom,"106,59"
Poltrona Kit 2 Tillas Corino Preto Ab Estofados,"285,29"
Poltrona Decorativa Opala Rosa,"209,91"
Kit 2 Poltronas Decorativas Opala Suede,"283,41"
Poltrona Yasmim Tecido 004,"532,22"
Poltrona Berlim Corano Nozes com Linho Bege Pés Palito - D'Rossi,"399,90"
Poltrona Pérola - Suede,"158,31"
Kit 2 Poltronas Opala Capuccino Suede Pés Palito Casa Renovo,"269,91"
Poltrona Decorativa Opala Suede Marrom,"115,10"
Poltrona Kit 2 Tillas Corino Preto Ab Estofados,"285,29"
Poltrona em Linho Antúrio Cabecasa Madeiramadeira,"1.109,90"
Poltrona Decorativa Opala Suede Bege,"130,49"
Kit 2 Poltronas Decorativas Opala com Puff Redondo Cinza - Visa Decor,"274,41"
Poltrona Opala Capuccino 1 Lugar,"130,41"
Poltrona Decorativa Califórnia Base Giratória 1 Lugar Velusoft Terra Cota - Sofá Casa,"710,10"
Kit 2 Poltronas Decorativas Opala Suede Pés Palito Bege,"327,42"
Poltrona Duda Viero,"219,89"
Kit 2 Poltronas Decorativa San Diego Sala Recepção Corino Bege,"600,78"
Poltrona do Papai Reclinável Azera Matrix,"599,90"
Kit 2 Poltronas Decorativas Opala Suede,"265,36"
Poltrona Decorativa Tilla Suede,"139,41"
Poltrona Pérola - Suede,"179,91"
Kit 2 Poltronas Duda Espresso Móveis,"439,79"
Poltrona Estoril Retrátil Reclinável Suede Marrom - XFlex Sofás,"702,81"
Poltrona Decorativa Opala Pé Palito,"104,31"
Poltrona Decorativa Opala Rosa,"194,90"
Kit 2 Poltronas Decorativas Opala Suede,"283,41"
Poltrona Pérola - Suede,"179,91"
Poltrona Decorativa Tilla Suede,"139,41"
Kit 2 Poltronas Duda Espresso Móveis,"439,79"
Poltrona Estoril Retrátil Reclinável Suede Marrom - XFlex Sofás,"702,81"
Poltrona Decorativa Opala Pé Palito,"104,31"
Poltrona em Linho Antúrio Cabecasa Madeiramadeira,"1.109,90"
"Poltrona Opala - Suede Preto, 1 Lugar, Base Palito Imbuia","130,49"
Poltrona do Papai Reclinável Azera Matrix,"619,90"
Poltrona Mona Luxo Madeira Maciça Tecido Linho Bege Claro,"530,00"
Poltrona do Papai Reclinável Imperial Império Estofados,"1.609,90"
Poltrona Decorativa Califórnia Base Giratória 1 Lugar Velusoft Terra Cota - Sofá Casa,"710,10"
Kit 2 Poltronas Decorativas Opala Suede Pés Palito Bege,"327,42"
Poltrona Duda Viero,"219,89"
Poltrona Decorativa Opala Deluxe com Puff Suede Cinza,"206,00"
Poltrona Cecilia Seda/Nude - Viero Móveis,"374,58"
Poltrona Opala Grafite Suede Pés Palito - My House Decor,"116,09"
Poltrona Reclinável Barão Império Estofados,"899,89"
Poltrona Opala Tecido Liso Cor Azul Marinho,"141,19"
Kit 2 Poltrona Decorativa Miami para Sala de Estar Recepção,"474,99"
Poltrona Duda Espresso Móveis,"219,89"
Poltrona em Linho Antúrio Cabecasa Madeiramadeira,"1.109,90"
Poltrona Decorativa Opala Suede Bege,"130,49"
Kit 2 Poltronas Decorativas Opala com Puff Redondo Cinza - Visa Decor,"274,41"
Poltrona Opala Capuccino 1 Lugar,"130,41"
"Poltrona Opala - Suede Preto, 1 Lugar, Base Palito Imbuia","130,49"
Poltrona do Papai Reclinável Azera Matrix,"619,90"
Poltrona Mona Luxo Madeira Maciça Tecido Linho Bege Claro,"530,00"
Kit 2 Poltronas Decorativa San Diego Sala Recepção Corino Bege,"600,78"
Poltrona do Papai Reclinável Azera Matrix,"599,90"
Kit 2 Poltronas Decorativas Opala Suede,"265,36"
Poltrona Decorativa Opala Deluxe com Puff Suede Cinza,"206,00"
Poltrona Opala Grafite Suede Pés Palito - My House Decor,"116,09"
Poltrona Reclinável Barão Império Estofados,"899,89"
Poltrona Cecilia Seda/Nude - Viero Móveis,"374,58"
Poltrona Yasmim Tecido 004,"532,22"
Kit 2 Poltronas Decorativas Aurora Suede,"364,81"
Poltrona Berlim Corano Nozes com Linho Bege Pés Palito - D'Rossi,"399,90"
Kit 2 Poltronas Opala Capuccino Suede Pés Palito Casa Renovo,"269,91"
Poltrona Pérola - Suede,"158,31"
Poltrona Decorativa Opala Suede Marrom,"115,10"
Poltrona Kit 2 Tillas Corino Preto Ab Estofados,"284,67"
Poltrona Decorativa Opala Rosa,"193,11"
Poltrona do Papai Reclinável Imperial Império Estofados,"1.609,90"
Poltrona Decorativa Califórnia Base Giratória 1 Lugar Velusoft Terra Cota - Sofá Casa,"710,10"
Kit 2 Poltronas Decorativas Opala Suede Pés Palito Bege,"327,42"
Poltrona Duda Viero,"219,89"
Kit 2 Poltronas Decorativa San Diego Sala Recepção Corino Bege,"600,78"
Poltrona do Papai Reclinável Azera Matrix,"599,90"
Kit 2 Poltronas Decorativas Opala Suede,"265,36"
Poltrona Opala Tecido Liso Cor Azul Marinho,"141,19"
Kit 2 Poltrona Decorativa Miami para Sala de Estar Recepção,"474,99"
Poltrona Duda Espresso Móveis,"219,89"
Poltrona Yasmim Tecido 004,"532,22"
Kit 2 Poltronas Decorativas Aurora Suede,"364,81"
Poltrona Berlim Corano Nozes com Linho Bege Pés Palito - D'Rossi,"399,90"
Poltrona Pérola - Suede,"158,31"
Kit 2 Poltronas Decorativas Opala Suede,"283,41"
Poltrona Decorativa Tilla Suede,"139,41"
Poltrona Pérola - Suede,"179,91"
Kit 2 Poltronas Duda Espresso Móveis,"439,79"
Poltrona Estoril Retrátil Reclinável Suede Marrom - XFlex Sofás,"702,81"
Poltrona Decorativa Opala Pé Palito,"104,31"
Poltrona em Linho Antúrio Cabecasa Madeiramadeira,"1.109,90"
Poltrona Decorativa Opala Deluxe com Puff Suede Cinza,"206,00"
Poltrona Opala Grafite Suede Pés Palito - My House Decor,"116,09"
Poltrona Reclinável Barão Império Estofados,"899,89"
Poltrona Cecilia Seda/Nude - Viero Móveis,"374,58"
Poltrona Opala Tecido Liso Cor Azul Marinho,"141,19"
Kit 2 Poltronas Opala Capuccino Suede Pés Palito Casa Renovo,"269,91"
Poltrona Decorativa Opala Suede Marrom,"115,10"
Poltrona Kit 2 Tillas Corino Preto Ab Estofados,"285,29"
Poltrona Decorativa Opala Rosa,"194,90"
Kit 2 Poltronas Decorativas Opala Suede,"283,41"
Poltrona Decorativa Tilla Suede,"139,41"
Poltrona Pérola - Suede,"179,91"
Kit 2 Poltronas Duda Espresso Móveis,"439,79"
Poltrona em Linho Antúrio Cabecasa Madeiramadeira,"1.109,90"
Kit 2 Poltrona Decorativa Miami para Sala de Estar Recepção,"474,99"
Poltrona Estoril Retrátil Reclinável Suede Marrom - XFlex Sofás,"702,81"
Poltrona Decorativa Opala Suede Bege,"130,49"
Poltrona Duda Espresso Móveis,"219,89"
Poltrona Decorativa Opala Pé Palito,"104,31"
Kit 2 Poltronas Decorativas Opala com Puff Redondo Cinza - Visa Decor,"243,51"
Poltrona Opala Capuccino 1 Lugar,"130,41"
Poltrona Yasmim Tecido 004,"532,22"
"Poltrona Opala - Suede Preto, 1 Lugar, Base Palito Imbuia","130,49"
Poltrona do Papai Reclinável Azera Matrix,"619,90"
Poltrona Mona Luxo Madeira Maciça Tecido Linho Bege Claro,"530,00"
Poltrona do Papai Reclinável Imperial Império Estofados,"1.609,90"
Kit 2 Poltronas Decorativas Aurora Suede,"364,81"
Poltrona Berlim Corano Nozes com Linho Bege Pés Palito - D'Rossi,"399,90"
Poltrona Pérola - Suede,"158,31"
Kit 2 Poltronas Opala Capuccino Suede Pés Palito Casa Renovo,"269,91"
Poltrona Decorativa Opala Suede Marrom,"115,10"
Poltrona Kit 2 Tillas Corino Preto Ab Estofados,"285,29"
Poltrona Decorativa Opala Rosa,"194,90"
Poltrona Decorativa Califórnia Base Giratória 1 Lugar Velusoft Terra Cota - Sofá Casa,"710,10"
Kit 2 Poltronas Decorativas Opala Suede Pés Palito Bege,"327,42"
Poltrona Duda Viero,"219,89"
Kit 2 Poltronas Decorativa San Diego Sala Recepção Corino Bege,"600,78"
Poltrona do Papai Reclinável Azera Matrix,"599,90"
Kit 2 Poltronas Decorativas Opala Suede,"265,36"
Poltrona Decorativa Opala Deluxe com Puff Suede Cinza,"206,00"
Poltrona Cecilia Seda/Nude - Viero Móveis,"374,58"
Kit 2 Poltronas Decorativas Opala Suede,"283,41"
Poltrona Decorativa Tilla Suede,"139,41"
Poltrona Pérola - Suede,"179,91"
Kit 2 Poltronas Duda Espresso Móveis,"439,79"
Poltrona Estoril Retrátil Reclinável Suede Marrom - XFlex Sofás,"702,81"
Poltrona Decorativa Opala Pé Palito,"104,31"
Poltrona Opala Grafite Suede Pés Palito - My House Decor,"116,09"
Poltrona Reclinável Barão Império Estofados,"899,89"
Poltrona Opala Tecido Liso Cor Azul Marinho,"141,19"
Kit 2 Poltrona Decorativa Miami para Sala de Estar Recepção,"474,99"
Poltrona Duda Espresso Móveis,"219,89"
Poltrona Yasmim Tecido 004,"532,22"
Kit 2 Poltronas Decorativas Aurora Suede,"364,81"
Poltrona Berlim Corano Nozes com Linho Bege Pés Palito - D'Rossi,"399,90"
Kit 2 Poltronas Opala Capuccino Suede Pés Palito Casa Renovo,"269,91"
Poltrona Pérola - Suede,"158,31"
Poltrona Decorativa Opala Suede Marrom,"115,10"
Poltrona Kit 2 Tillas Corino Preto Ab Estofados,"284,67"
Poltrona Decorativa Opala Rosa,"193,11"
Kit 2 Poltronas Decorativas Opala Suede,"283,41"
Poltrona Decorativa Tilla Suede,"139,41"
Poltrona Pérola - Suede,"179,91"
Kit 2 Poltronas Duda Espresso Móveis,"439,79"
Poltrona Estoril Retrátil Reclinável Suede Marrom - XFlex Sofás,"702,81"
Poltrona Decorativa Opala Pé Palito,"104,31"
